city_id,city_name_nl,city_name_en,city_name_fr,city_name_de,province_or_region,count_boroughs,pop_in_2000,pop_in_2024,area_km2,pop_per_km2,prosperity_index,pop_increase_2024v2000_percent
59,Turnhout,Turnhout,Turnhout,Turnhout,Antwerpen,1,38596,47305,56.71,834,92.8,22.56
199,Zutendaal,Zutendaal,Zutendaal,Zutendaal,Limburg,1,6755,7384,32.11,230,106.4,9.31
236,Hannuit,Hannut,Hannut,Hannut,Luik,18,13242,17134,86.49,198,107.9,29.39
318,Rouvroy,Rouvroy,Rouvroy,Rouvroy,Luxemburg,4,1877,2144,28.1,76,92.7,14.22
447,Haacht,Haacht,Haacht,Haacht,Vlaams-Brabant,3,13158,15516,30.74,505,123.8,17.92
452,Hoeilaart,Hoeilaart,Hoeilaart,Hoeilaart,Vlaams-Brabant,1,9783,11636,20.53,567,126.9,18.94
518,Waterloo,Waterloo,Waterloo,Waterloo,Waals-Brabant,1,28986,30596,21.32,1435,127.3,5.55
539,Ichtegem,Ichtegem,Ichtegem,Ichtegem,West-Vlaanderen,3,13242,14516,45.78,317,98.5,9.62
39,Meerhout,Meerhout,Meerhout,Meerhout,Antwerpen,1,9192,10396,36.54,285,106.2,13.1
97,Binche,Binche,Binche,Binche,Henegouwen,8,32190,33651,61.22,550,89.4,4.54
144,Pecq,Pecq,Pecq,Pecq,Henegouwen,5,5157,5966,33.15,180,95.8,15.69
164,Bree,Bree,Bree,Bree,Limburg,5,14001,16967,64.98,261,99.4,21.18
180,Kinrooi,Kinrooi,Kinrooi,Kinrooi,Limburg,4,11749,12406,54.8,226,96.1,5.59
311,Meix-devant-Virton,Meix-devant-Virton,Meix-devant-Virton,Meix-devant-Virton,Luxemburg,5,2691,2819,54.97,51,95.7,4.76
344,Gedinne,Gedinne,Gedinne,Gedinne,Namen,12,4344,4681,151.56,31,86.5,7.76
346,Gesves,Gesves,Gesves,Gesves,Namen,5,5767,7481,65.03,115,109.9,29.72
370,Berlare,Berlare,Berlare,Berlare,Oost-Vlaanderen,3,13679,15486,38.23,405,109.1,13.21
411,Sint-Laureins,Sint-Laureins,Sint-Laureins,Sint-Laureins,Oost-Vlaanderen,5,6513,7016,74.54,94,105.9,7.72
522,Ardooie,Ardooie,Ardooie,Ardooie,West-Vlaanderen,2,9508,9355,34.92,268,101.6,-1.61
3,Arendonk,Arendonk,Arendonk,Arendonk,Antwerpen,1,11805,13391,55.15,243,98.0,13.43
7,Berlaar,Berlaar,Berlaar,Berlaar,Antwerpen,2,10150,12061,24.53,492,107.0,18.83
110,Dour,Dour,Dour,Dour,Henegouwen,4,16865,16567,33.62,493,82.1,-1.77
121,Frasnes-lez-Anvaing,Frasnes-lez-Anvaing,Frasnes-lez-Anvaing,Frasnes-lez-Anvaing,Henegouwen,14,10872,12134,112.86,108,100.0,11.61
166,Dilsen-Stokkem,Dilsen-Stokkem,Dilsen-Stokkem,Dilsen-Stokkem,Limburg,5,18187,21346,65.89,324,95.7,17.37
190,Peer,Peer,Peer,Peer,Limburg,4,15251,16585,87.24,190,100.1,8.75
196,Voeren,Voeren,Fourons,Voeren,Limburg,6,4315,4406,50.61,87,100.0,2.11
283,Welkenraedt,Welkenraedt,Welkenraedt,Welkenraedt,Luik,2,8801,10464,24.72,423,95.1,18.9
354,Namen,Namur,Namur,Namur,Namen,25,105419,114142,175.93,649,97.6,8.27
394,Lebbeke,Lebbeke,Lebbeke,Lebbeke,Oost-Vlaanderen,3,17234,20059,27.3,735,108.8,16.39
412,Sint-Lievens-Houtem,Sint-Lievens-Houtem,Sint-Lievens-Houtem,Sint-Lievens-Houtem,Oost-Vlaanderen,5,9171,10687,27.05,395,115.1,16.53
475,Pepingen,Pepingen,Pepingen,Pepingen,Vlaams-Brabant,6,4247,4592,35.93,128,123.7,8.12
482,Ternat,Ternat,Ternat,Ternat,Vlaams-Brabant,3,14418,16578,24.71,671,115.2,14.98
17,Edegem,Edegem,Edegem,Edegem,Antwerpen,1,22253,23009,8.72,2639,124.4,3.4
41,Mol,Mol,Mol,Mol,Antwerpen,1,31683,38534,114.55,336,104.6,21.62
138,Moeskroen,Mouscron,Mouscron,Mouscron,Henegouwen,4,52492,59987,40.62,1477,82.3,14.28
140,Mont-de-l’Enclus,Mont-de-l’Enclus,Mont-de-l’Enclus,Mont-de-l’Enclus,Henegouwen,4,3172,3879,27.16,143,100.6,22.29
165,Diepenbeek,Diepenbeek,Diepenbeek,Diepenbeek,Limburg,1,17173,19607,41.41,473,107.4,14.17
218,Chaudfontaine,Chaudfontaine,Chaudfontaine,Chaudfontaine,Luik,4,20607,20600,25.46,809,127.0,-0.03
334,Cerfontaine,Cerfontaine,Cerfontaine,Cerfontaine,Namen,6,4334,4991,83.44,60,93.7,15.16
401,Maldegem,Maldegem,Maldegem,Maldegem,Oost-Vlaanderen,3,22036,24744,95.63,259,105.0,12.29
404,Moerbeke,Moerbeke,Moerbeke,Moerbeke,Oost-Vlaanderen,1,5753,6758,37.93,178,109.5,17.47
418,Waasmunster,Waasmunster,Waasmunster,Waasmunster,Oost-Vlaanderen,1,10237,11296,32.27,350,125.4,10.34
474,Overijse,Overijse,Overijse,Overijse,Vlaams-Brabant,1,23738,25970,44.99,577,129.1,9.4
517,Walhain,Walhain,Walhain,Walhain,Waals-Brabant,3,5412,7607,38.08,200,119.1,40.56
26,Hoogstraten,Hoogstraten,Hoogstraten,Hoogstraten,Antwerpen,5,17751,22278,105.39,211,99.9,25.5
31,Kasterlee,Kasterlee,Kasterlee,Kasterlee,Antwerpen,3,17554,19648,72.27,272,113.9,11.93
44,Nijlen,Nijlen,Nijlen,Nijlen,Antwerpen,3,20423,23707,39.2,605,110.5,16.08
56,Schoten,Schoten,Schoten,Schoten,Antwerpen,1,32733,34641,29.51,1174,116.7,5.83
270,Stavelot,Stavelot,Stavelot,Stavelot,Luik,2,6479,7271,85.14,85,94.5,12.22
343,Fosses-la-Ville,Fosses-la-Ville,Fosses-la-Ville,Fosses-la-Ville,Namen,6,8750,10418,63.31,165,97.2,19.06
348,Hastière,Hastière,Hastière,Hastière,Namen,7,4976,6148,56.59,109,82.9,23.55
366,Yvoir,Yvoir,Yvoir,Yvoir,Namen,9,7914,9136,57.11,160,104.7,15.44
414,Sint-Niklaas,Sint-Niklaas,Sint-Niklaas,Sint-Niklaas,Oost-Vlaanderen,4,68290,81863,84.2,972,96.6,19.88
439,Diest,Diest,Diest,Diest,Vlaams-Brabant,6,22132,24971,58.72,425,110.4,12.83
451,Hoegaarden,Hoegaarden,Hoegaarden,Hoegaarden,Vlaams-Brabant,3,6014,6873,34.13,201,121.3,14.28
467,Londerzeel,Londerzeel,Londerzeel,Londerzeel,Vlaams-Brabant,3,17153,19404,36.53,531,117.6,13.12
568,Ruiselede,Ruiselede,Ruiselede,Ruiselede,West-Vlaanderen,1,5048,5484,30.62,179,102.0,8.64
570,Staden,Staden,Staden,Staden,West-Vlaanderen,3,10986,11677,46.82,249,96.2,6.29
572,Torhout,Torhout,Torhout,Torhout,West-Vlaanderen,1,18838,20965,45.32,463,103.4,11.29
109,Doornik,Tournai,Tournai,Tournai,Henegouwen,30,67379,68554,215.34,318,93.8,1.74
143,Opzullik,Silly,Silly,Silly,Henegouwen,8,7471,8475,68.57,124,112.8,13.44
146,Péruwelz,Péruwelz,Péruwelz,Péruwelz,Henegouwen,10,16867,17318,61.0,284,87.3,2.67
153,Sivry-Rance,Sivry-Rance,Sivry-Rance,Sivry-Rance,Henegouwen,5,4506,4871,73.56,66,87.9,8.1
154,Thuin,Thuin,Thuin,Thuin,Henegouwen,8,14603,14871,76.65,194,101.4,1.84
263,Saint-Nicolas,Saint-Nicolas,Saint-Nicolas,Saint-Nicolas,Luik,3,23171,24491,6.91,3544,73.6,5.7
266,Seraing,Seraing,Seraing,Seraing,Luik,4,60557,64266,35.25,1823,76.1,6.12
457,Keerbergen,Keerbergen,Keerbergen,Keerbergen,Vlaams-Brabant,1,11992,13298,18.54,717,149.9,10.89
465,Linkebeek,Linkebeek,Linkebeek,Linkebeek,Vlaams-Brabant,1,4751,4674,4.19,1116,123.9,-1.62
485,Tienen,Tienen,Tirlemont,Tienen,Vlaams-Brabant,9,31479,36581,72.77,503,104.2,16.21
57,Sint-Katelijne-Waver,Sint-Katelijne-Waver,Sint-Katelijne-Waver,Sint-Katelijne-Waver,Antwerpen,2,19038,21792,36.16,603,115.9,14.47
72,Elsene,Ixelles,Ixelles,Ixelles,Brussels Hoofdstedelijk Gewest,1,73174,89278,6.41,13928,92.2,22.01
91,Anderlues,Anderlues,Anderlues,Anderlues,Henegouwen,1,11540,12809,17.2,745,84.5,11.0
125,Hensies,Hensies,Hensies,Hensies,Henegouwen,4,6782,6816,26.41,258,86.8,0.5
169,Halen,Halen,Halen,Halen,Limburg,3,8216,9545,36.6,261,108.9,16.18
197,Wellen,Wellen,Wellen,Wellen,Limburg,4,6725,7490,26.8,279,107.5,11.38
201,Amel,Amel,Amblève,Amel,Luik,3,5069,5612,125.88,45,96.3,10.71
217,Bütgenbach,Bütgenbach,Butgenbach,Bütgenbach,Luik,2,5550,5652,97.04,58,93.7,1.84
273,Thimister-Clermont,Thimister-Clermont,Thimister-Clermont,Thimister-Clermont,Luik,2,5075,5587,28.64,195,107.7,10.09
361,Sombreffe,Sombreffe,Sombreffe,Sombreffe,Namen,4,7305,8388,35.89,234,103.9,14.83
437,Boortmeerbeek,Boortmeerbeek,Boortmeerbeek,Boortmeerbeek,Vlaams-Brabant,2,11397,13348,18.77,711,129.7,17.12
509,Ottignies-Louvain-la-Neuve,Ottignies-Louvain-la-Neuve,Ottignies-Louvain-la-Neuve,Ottignies-Louvain-la-Neuve,Waals-Brabant,3,27380,31648,33.4,948,108.5,15.59
513,Rixensart,Rixensart,Rixensart,Rixensart,Waals-Brabant,3,21271,23096,17.56,1315,124.5,8.58
530,De Panne,De Panne,La Panne,De Panne,West-Vlaanderen,2,9722,11021,26.63,414,107.0,13.36
542,Izegem,Izegem,Izegem,Izegem,West-Vlaanderen,3,26532,29227,25.63,1140,100.6,10.16
546,Koksijde,Koksijde,Koksijde,Koksijde,West-Vlaanderen,3,19729,21546,50.36,428,139.8,9.21
66,Wuustwezel,Wuustwezel,Wuustwezel,Wuustwezel,Antwerpen,2,17552,21794,89.41,244,105.5,24.17
69,Zwijndrecht,Zwijndrecht,Zwijndrecht,Zwijndrecht,Antwerpen,2,17801,19580,20.24,967,106.3,9.99
142,Morlanwelz,Morlanwelz,Morlanwelz,Morlanwelz,Henegouwen,3,18429,19172,20.38,941,87.3,4.03
253,Neupré,Neupré,Neupré,Neupré,Luik,4,9513,10010,31.74,315,131.1,5.22
256,Ouffet,Ouffet,Ouffet,Ouffet,Luik,3,2474,2788,40.24,69,103.4,12.69
260,Raeren,Raeren,Raeren,Raeren,Luik,3,9550,11136,72.81,153,108.7,16.61
268,Spa,Spa,Spa,Spa,Luik,1,10333,9812,39.85,246,95.4,-5.04
325,Vaux-sur-Sûre,Vaux-sur-Sûre,Vaux-sur-Sûre,Vaux-sur-Sûre,Luxemburg,6,4176,6269,135.72,46,96.0,50.12
341,Floreffe,Floreffe,Floreffe,Floreffe,Namen,4,7092,8082,39.12,207,105.3,13.96
388,Horebeke,Horebeke,Horebeke,Horebeke,Oost-Vlaanderen,2,1968,2012,11.25,179,128.9,2.24
454,Huldenberg,Huldenberg,Huldenberg,Huldenberg,Vlaams-Brabant,5,9009,10083,39.95,252,126.3,11.92
38,Mechelen,Mechelen,Malines,Mechelen,Antwerpen,6,75438,89313,65.79,1358,105.1,18.39
61,Vosselaar,Vosselaar,Vosselaar,Vosselaar,Antwerpen,1,10015,11801,11.83,998,115.6,17.83
194,Tessenderlo,Tessenderlo,Tessenderlo,Tessenderlo,Limburg,1,15819,19011,51.64,368,109.5,20.18
230,Fexhe-le-Haut-Clocher,Fexhe-le-Haut-Clocher,Fexhe-le-Haut-Clocher,Fexhe-le-Haut-Clocher,Luik,5,2930,3426,19.45,176,109.6,16.93
407,Oosterzele,Oosterzele,Oosterzele,Oosterzele,Oost-Vlaanderen,6,13204,14062,43.57,323,122.8,6.5
532,Dentergem,Dentergem,Dentergem,Dentergem,West-Vlaanderen,4,7868,8722,26.09,334,101.2,10.85
557,Meulebeke,Meulebeke,Meulebeke,Meulebeke,West-Vlaanderen,1,11055,11123,29.49,377,99.2,0.62
22,Hemiksem,Hemiksem,Hemiksem,Hemiksem,Antwerpen,1,9151,12396,5.48,2262,104.1,35.46
111,Ecaussinnes,Ecaussinnes,Ecaussinnes,Ecaussinnes,Henegouwen,3,9620,11572,34.86,332,97.2,20.29
117,Farciennes,Farciennes,Farciennes,Farciennes,Henegouwen,2,11336,11394,10.37,1099,65.5,0.51
158,Alken,Alken,Alken,Alken,Limburg,1,10900,11918,28.24,422,109.9,9.34
183,Leopoldsburg,Leopoldsburg,Bourg-Léopold,Leopoldsburg,Limburg,2,13796,16607,22.6,735,97.1,20.38
187,Maasmechelen,Maasmechelen,Maasmechelen,Maasmechelen,Limburg,8,35430,40219,76.28,527,87.3,13.52
211,Blegny,Blegny,Blegny,Blegny,Luik,6,12382,13482,26.08,517,106.4,8.88
238,Herve,Herve,Herve,Herve,Luik,8,16469,17850,56.84,314,104.8,8.39
275,Trois-Ponts,Trois-Ponts,Trois-Ponts,Trois-Ponts,Luik,3,2346,2547,68.83,37,95.9,8.57
277,Verlaine,Verlaine,Verlaine,Verlaine,Luik,4,3429,4361,24.4,179,114.5,27.18
291,Bouillon,Bouillon,Bouillon,Bouillon,Luxemburg,11,5437,5377,148.64,36,89.3,-1.1
320,Saint-Léger,Saint-Léger,Saint-Léger,Saint-Léger,Luxemburg,3,3192,3716,36.25,103,109.7,16.42
455,Kampenhout,Kampenhout,Kampenhout,Kampenhout,Vlaams-Brabant,4,10732,12528,33.65,372,123.7,16.73
566,Poperinge,Poperinge,Poperinge,Poperinge,West-Vlaanderen,6,19254,19921,120.37,165,92.8,3.46
47,Putte,Putte,Putte,Putte,Antwerpen,2,15394,18914,35.16,538,113.3,22.87
58,Stabroek,Stabroek,Stabroek,Stabroek,Antwerpen,2,17143,18826,21.42,879,114.5,9.82
155,Vloesberg,Flobecq,Flobecq,Flobecq,Henegouwen,1,3194,3434,23.28,148,104.1,7.51
162,Bocholt,Bocholt,Bocholt,Bocholt,Limburg,3,11887,13753,59.29,232,93.8,15.7
186,Maaseik,Maaseik,Maaseik,Maaseik,Limburg,3,22852,25823,77.18,335,99.5,13.0
210,Bitsingen,Bassenge,Bassenge,Bassenge,Luik,6,8176,9028,38.21,236,98.7,10.42
215,Burg-Reuland,Burg-Reuland,Burg-Reuland,Burg-Reuland,Luik,2,3787,3961,109.84,36,97.1,4.59
225,Engis,Engis,Engis,Engis,Luik,3,5689,6296,27.74,227,87.0,10.67
229,Ferrières,Ferrières,Ferrières,Ferrières,Luik,5,4208,5122,57.06,90,103.4,21.72
261,Remicourt,Remicourt,Remicourt,Remicourt,Luik,5,4753,6009,22.83,263,111.1,26.43
276,Trooz,Trooz,Trooz,Trooz,Luik,3,7689,8058,24.26,332,100.8,4.8
340,Fernelmont,Fernelmont,Fernelmont,Fernelmont,Namen,10,6298,8210,65.82,125,112.9,30.36
410,Sint-Gillis-Waas,Sint-Gillis-Waas,Sint-Gillis-Waas,Sint-Gillis-Waas,Oost-Vlaanderen,4,17302,20144,55.49,363,111.3,16.43
489,Wezembeek-Oppem,Wezembeek-Oppem,Wezembeek-Oppem,Wezembeek-Oppem,Vlaams-Brabant,1,13622,14742,6.86,2149,125.7,8.22
556,Mesen,Mesen,Messines,Mesen,West-Vlaanderen,1,964,1075,3.6,299,78.7,11.51
16,Duffel,Duffel,Duffel,Duffel,Antwerpen,1,15971,18062,22.6,799,113.6,13.09
136,Manage,Manage,Manage,Manage,Henegouwen,5,21812,24108,19.43,1241,80.8,10.53
139,Momignies,Momignies,Momignies,Momignies,Henegouwen,7,5128,5234,86.01,61,76.7,2.07
161,Bilzen,Bilzen,Bilzen,Bilzen,Limburg,13,29355,32782,75.98,431,102.8,11.67
177,Heusden-Zolder,Heusden-Zolder,Heusden-Zolder,Heusden-Zolder,Limburg,2,30105,35017,53.4,656,97.7,16.32
192,Riemst,Riemst,Riemst,Riemst,Limburg,10,15617,16896,58.06,291,101.6,8.19
193,Sint-Truiden,Sint-Truiden,Saint-Trond,Sint-Truiden,Limburg,15,37147,41469,107.12,387,103.2,11.63
198,Zonhoven,Zonhoven,Zonhoven,Zonhoven,Limburg,1,18940,21845,39.67,551,109.6,15.34
250,Marchin,Marchin,Marchin,Marchin,Luik,2,4935,5612,30.16,186,104.7,13.72
269,Sprimont,Sprimont,Sprimont,Sprimont,Luik,5,12426,15141,74.46,203,115.0,21.85
285,Aarlen,Arlon,Arlon,Arlon,Luxemburg,6,24791,31310,119.06,263,115.3,26.3
314,Nassogne,Nassogne,Nassogne,Nassogne,Luxemburg,8,4760,5735,113.11,51,94.4,20.48
350,Houyet,Houyet,Houyet,Houyet,Namen,10,4433,5183,122.85,42,91.6,16.92
353,Mettet,Mettet,Mettet,Mettet,Namen,9,11317,13529,116.97,116,99.2,19.55
373,Buggenhout,Buggenhout,Buggenhout,Buggenhout,Oost-Vlaanderen,2,13752,14957,25.64,583,116.0,8.76
402,Melle,Melle,Melle,Melle,Oost-Vlaanderen,2,10349,11981,15.34,781,119.2,15.77
432,Begijnendijk,Begijnendijk,Begijnendijk,Begijnendijk,Vlaams-Brabant,2,9088,10615,17.66,601,115.8,16.8
552,Lendelede,Lendelede,Lendelede,Lendelede,West-Vlaanderen,1,5502,5881,13.27,443,103.5,6.89
11,Bornem,Bornem,Bornem,Bornem,Antwerpen,4,19939,22076,46.19,478,118.9,10.72
24,Herenthout,Herenthout,Herenthout,Herenthout,Antwerpen,1,8302,9454,23.61,400,105.6,13.88
128,Komen-Waasten,Comines-Warneton,Comines-Warneton,Comines-Warneton,Henegouwen,5,17564,18391,61.34,300,80.4,4.71
195,Tongeren,Tongeren,Tongres,Tongeren,Limburg,17,29723,32138,87.81,366,100.8,8.13
254,Oerle,Oreye,Oreye,Oreye,Luik,5,3317,4028,19.5,207,105.0,21.44
262,Saint-Georges-sur-Meuse,Saint-Georges-sur-Meuse,Saint-Georges-sur-Meuse,Saint-Georges-sur-Meuse,Luik,1,6785,7230,20.93,345,95.5,6.56
304,La Roche-en-Ardenne,La Roche-en-Ardenne,La Roche-en-Ardenne,La Roche-en-Ardenne,Luxemburg,6,4107,4100,148.53,28,92.5,-0.17
324,Tintigny,Tintigny,Tintigny,Tintigny,Luxemburg,4,3436,4605,81.88,56,102.7,34.02
440,Dilbeek,Dilbeek,Dilbeek,Dilbeek,Vlaams-Brabant,6,37722,44878,41.48,1082,114.9,18.97
533,Diksmuide,Diksmuide,Dixmude,Diksmuide,West-Vlaanderen,15,15443,17228,150.74,114,96.1,11.56
2,Antwerpen,Antwerpen,Anvers,Antwerpen,Antwerpen,9,446525,544759,204.32,2666,88.0,22.0
40,Merksplas,Merksplas,Merksplas,Merksplas,Antwerpen,1,8055,8883,44.61,199,102.7,10.28
48,Puurs-Sint-Amands,Puurs-Sint-Amands,Puurs-Sint-Amands,Puurs-Sint-Amands,Antwerpen,7,23296,26957,49.14,549,117.4,15.72
130,Le Roeulx,Le Roeulx,Le Roeulx,Le Roeulx,Henegouwen,5,7931,8708,43.41,201,103.5,9.8
234,Grâce-Hollogne,Grâce-Hollogne,Grâce-Hollogne,Grâce-Hollogne,Luik,5,22503,23261,34.17,681,83.0,3.37
390,Kluisbergen,Kluisbergen,Kluisbergen,Kluisbergen,Oost-Vlaanderen,4,6086,6888,30.63,225,107.9,13.18
393,Laarne,Laarne,Laarne,Laarne,Oost-Vlaanderen,2,11610,12532,32.58,385,120.6,7.94
435,Bever,Bever,Biévène,Bever,Vlaams-Brabant,1,1980,2276,19.24,118,109.5,14.95
450,Herne,Herne,Herne,Herne,Vlaams-Brabant,3,6372,6825,44.66,153,117.4,7.11
497,Eigenbrakel,Braine-l’Alleud,Braine-l’Alleud,Braine-l’Alleud,Waals-Brabant,3,35259,40461,52.32,773,116.6,14.75
504,Kasteelbrakel,Braine-le-Château,Braine-le-Château,Braine-le-Château,Waals-Brabant,2,8994,10646,22.75,468,115.5,18.37
55,Schilde,Schilde,Schilde,Schilde,Antwerpen,2,19562,20319,36.09,563,140.4,3.87
208,Berloz,Berloz,Berloz,Berloz,Luik,3,2620,3344,14.51,230,105.5,27.63
233,Geer,Geer,Geer,Geer,Luik,7,2570,3558,23.6,151,109.4,38.44
242,Juprelle,Juprelle,Juprelle,Juprelle,Luik,8,8145,9733,35.47,274,106.1,19.5
257,Oupeye,Oupeye,Oupeye,Oupeye,Luik,7,23720,25743,36.09,713,93.1,8.53
259,Plombières,Plombières,Plombières,Plombières,Luik,5,9361,10771,53.17,203,90.7,15.06
267,Soumagne,Soumagne,Soumagne,Soumagne,Luik,6,14607,17351,27.19,638,98.8,18.79
434,Bertem,Bertem,Bertem,Bertem,Vlaams-Brabant,3,8843,10242,29.99,342,125.9,15.82
486,Tremelo,Tremelo,Tremelo,Tremelo,Vlaams-Brabant,2,13339,15417,21.89,704,120.8,15.58
19,Geel,Geel,Geel,Geel,Antwerpen,1,33677,42331,110.2,384,108.3,25.7
52,Rijkevorsel,Rijkevorsel,Rijkevorsel,Rijkevorsel,Antwerpen,1,10455,12561,46.84,268,99.0,20.14
81,Sint-Gillis,Saint-Gilles,Saint-Gilles,Saint-Gilles,Brussels Hoofdstedelijk Gewest,1,42458,49293,2.53,19483,76.1,16.1
87,Vorst,Forest,Forest,Forest,Brussels Hoofdstedelijk Gewest,1,45555,58044,6.29,9228,82.2,27.42
135,Lobbes,Lobbes,Lobbes,Lobbes,Henegouwen,4,5520,5949,32.23,185,104.8,7.77
178,Hoeselt,Hoeselt,Hoeselt,Hoeselt,Limburg,5,9133,10080,30.1,335,104.8,10.37
209,Beyne-Heusay,Beyne-Heusay,Beyne-Heusay,Beyne-Heusay,Luik,3,11661,12018,7.29,1649,87.9,3.06
301,Herbeumont,Herbeumont,Herbeumont,Herbeumont,Luxemburg,3,1434,1750,58.42,30,92.9,22.04
331,Assesse,Assesse,Assesse,Assesse,Namen,7,5992,7325,78.53,93,107.7,22.25
360,Sambreville,Sambreville,Sambreville,Sambreville,Namen,7,27197,28615,34.27,835,87.5,5.21
442,Galmaarden,Galmaarden,Gammerages,Galmaarden,Vlaams-Brabant,3,7741,8931,35.29,253,114.8,15.37
537,Hooglede,Hooglede,Hooglede,Hooglede,West-Vlaanderen,2,9750,10235,38.11,269,104.3,4.97
558,Middelkerke,Middelkerke,Middelkerke,Middelkerke,West-Vlaanderen,9,16583,19855,79.04,251,106.6,19.73
567,Roeselare,Roeselare,Roulers,Roeselare,West-Vlaanderen,4,54199,66262,60.4,1097,99.9,22.26
579,Wingene,Wingene,Wingene,Wingene,West-Vlaanderen,2,12517,15161,68.54,221,102.4,21.12
581,Zonnebeke,Zonnebeke,Zonnebeke,Zonnebeke,West-Vlaanderen,5,11545,12705,68.09,187,98.8,10.05
9,Bonheiden,Bonheiden,Bonheiden,Bonheiden,Antwerpen,2,14089,15454,29.19,529,137.1,9.69
96,Bernissart,Bernissart,Bernissart,Bernissart,Henegouwen,5,11433,11878,43.81,271,91.4,3.89
241,Jalhay,Jalhay,Jalhay,Jalhay,Luik,2,7497,8777,106.94,82,114.0,17.07
356,Onhaye,Onhaye,Onhaye,Onhaye,Namen,7,3011,3231,65.67,49,95.0,7.31
362,Somme-Leuze,Somme-Leuze,Somme-Leuze,Somme-Leuze,Namen,9,4170,6099,95.23,64,94.5,46.26
422,Wortegem-Petegem,Wortegem-Petegem,Wortegem-Petegem,Wortegem-Petegem,Oost-Vlaanderen,5,6071,6552,42.47,154,118.7,7.92
483,Tervuren,Tervuren,Tervuren,Tervuren,Vlaams-Brabant,3,20181,23077,33.62,686,128.5,14.35
510,Perwijs,Perwez,Perwez,Perwez,Waals-Brabant,5,7057,9704,51.17,190,112.9,37.51
6,Beerse,Beerse,Beerse,Beerse,Antwerpen,2,15698,18601,37.36,498,111.6,18.49
14,Brecht,Brecht,Brecht,Brecht,Antwerpen,3,25091,30610,91.46,335,114.2,22.0
37,Malle,Malle,Malle,Malle,Antwerpen,2,13922,16194,51.9,312,109.5,16.32
106,Châtelet,Châtelet,Châtelet,Châtelet,Henegouwen,3,35452,35595,27.35,1301,75.9,0.4
112,Edingen,Enghien,Enghien,Enghien,Henegouwen,3,10863,14509,39.4,368,106.4,33.56
232,Fléron,Fléron,Fléron,Fléron,Luik,4,15891,16380,13.68,1197,93.5,3.08
245,Lijsem,Lincent,Lincent,Lincent,Luik,3,2806,3375,14.73,229,109.2,20.28
293,Daverdisse,Daverdisse,Daverdisse,Daverdisse,Luxemburg,4,1360,1426,56.87,25,86.2,4.85
322,Tellin,Tellin,Tellin,Tellin,Luxemburg,4,2229,2539,56.95,45,93.6,13.91
345,Gembloux,Gembloux,Gembloux,Gembloux,Namen,12,20484,26496,96.48,275,110.4,29.35
359,Rochefort,Rochefort,Rochefort,Rochefort,Namen,11,11747,12716,166.34,76,92.7,8.25
385,Haaltert,Haaltert,Haaltert,Haaltert,Oost-Vlaanderen,4,17274,19402,30.52,636,114.3,12.32
417,Temse,Temse,Tamise,Temse,Oost-Vlaanderen,4,25533,31271,40.1,780,106.2,22.47
524,Beernem,Beernem,Beernem,Beernem,West-Vlaanderen,3,14525,16259,72.42,225,107.1,11.94
43,Niel,Niel,Niel,Niel,Antwerpen,1,8405,10966,5.35,2050,101.2,30.47
79,Schaarbeek,Schaerbeek,Schaerbeek,Schaerbeek,Brussels Hoofdstedelijk Gewest,1,105692,130405,7.9,16507,68.9,23.38
84,Sint-Lambrechts-Woluwe,Woluwe-Saint-Lambert,Woluwe-Saint-Lambert,Woluwe-Saint-Lambert,Brussels Hoofdstedelijk Gewest,1,46528,60771,7.29,8336,93.4,30.61
131,Lens,Lens,Lens,Lens,Henegouwen,5,3729,4636,49.83,93,97.1,24.32
289,Bertogne,Bertogne,Bertogne,Bertogne,Luxemburg,3,2724,3767,91.66,41,92.3,38.29
305,Libin,Libin,Libin,Libin,Luxemburg,7,4341,5351,140.58,38,97.8,23.27
545,Koekelare,Koekelare,Koekelare,Koekelare,West-Vlaanderen,3,8154,8827,39.44,224,97.2,8.25
13,Brasschaat,Brasschaat,Brasschaat,Brasschaat,Antwerpen,1,37138,38470,38.58,997,121.9,3.59
25,Herselt,Herselt,Herselt,Herselt,Antwerpen,2,13632,14838,52.37,283,107.3,8.85
54,Schelle,Schelle,Schelle,Schelle,Antwerpen,1,7743,8614,7.83,1100,112.8,11.25
63,Wijnegem,Wijnegem,Wijnegem,Wijnegem,Antwerpen,1,8660,10580,7.88,1343,109.6,22.17
75,Ganshoren,Ganshoren,Ganshoren,Ganshoren,Brussels Hoofdstedelijk Gewest,1,19757,25564,2.44,10477,80.2,29.39
124,Ham-sur-Heure-Nalinnes,Ham-sur-Heure-Nalinnes,Ham-sur-Heure-Nalinnes,Ham-sur-Heure-Nalinnes,Henegouwen,5,13253,13825,45.71,302,118.5,4.32
181,Kortessem,Kortessem,Kortessem,Kortessem,Limburg,5,8010,8757,33.99,258,107.3,9.33
382,Gavere,Gavere,Gavere,Gavere,Oost-Vlaanderen,6,11847,13311,31.6,421,119.8,12.36
392,Kruisem,Kruisem,Kruisem,Kruisem,Oost-Vlaanderen,6,14452,15961,71.59,223,115.5,10.44
460,Kraainem,Kraainem,Kraainem,Kraainem,Vlaams-Brabant,1,12692,13962,5.84,2391,115.7,10.01
511,Ramillies,Ramillies,Ramillies,Ramillies,Waals-Brabant,7,5295,6700,49.08,137,111.0,26.53
60,Vorselaar,Vorselaar,Vorselaar,Vorselaar,Antwerpen,1,7353,8034,27.62,291,107.8,9.26
86,Ukkel,Uccle,Uccle,Uccle,Brussels Hoofdstedelijk Gewest,1,74221,86806,22.87,3796,111.7,16.96
93,Beaumont,Beaumont,Beaumont,Beaumont,Henegouwen,8,6577,7140,93.48,76,92.6,8.56
102,Chapelle-lez-Herlaimont,Chapelle-lez-Herlaimont,Chapelle-lez-Herlaimont,Chapelle-lez-Herlaimont,Henegouwen,3,13909,14839,18.21,815,87.5,6.69
133,Lessen,Lessines,Lessines,Lessines,Henegouwen,8,17178,18735,72.67,258,91.4,9.06
224,Donceel,Donceel,Donceel,Donceel,Luik,4,2653,3119,23.45,133,116.6,17.57
284,Wezet,Visé,Visé,Visé,Luik,6,16617,18154,27.73,655,94.2,9.25
329,Andenne,Andenne,Andenne,Andenne,Namen,10,23529,28187,86.11,327,92.0,19.8
397,Lievegem,Lievegem,Lievegem,Lievegem,Oost-Vlaanderen,6,25509,27225,80.78,337,113.0,6.73
490,Zaventem,Zaventem,Zaventem,Zaventem,Vlaams-Brabant,4,26901,36676,27.73,1323,101.3,36.34
529,De Haan,De Haan,De Haan,De Haan,West-Vlaanderen,3,11355,12718,46.14,276,121.0,12.0
82,Sint-Jans-Molenbeek,Molenbeek-Saint-Jean,Molenbeek-Saint-Jean,Molenbeek-Saint-Jean,Brussels Hoofdstedelijk Gewest,1,71219,98365,6.02,16340,57.8,38.12
149,Quévy,Quévy,Quévy,Quévy,Henegouwen,10,7474,8168,65.38,125,102.2,9.29
189,Oudsbergen,Oudsbergen,Oudsbergen,Oudsbergen,Limburg,6,21642,23875,116.37,205,101.7,10.32
202,Ans,Ans,Ans,Ans,Luik,4,27528,28989,23.35,1241,87.7,5.31
255,Olne,Olne,Olne,Olne,Luik,1,3731,4142,16.04,258,118.0,11.02
315,Neufchâteau,Neufchâteau,Neufchâteau,Neufchâteau,Luxemburg,6,6167,8260,114.46,72,94.6,33.94
371,Beveren,Beveren,Beveren,Beveren,Oost-Vlaanderen,8,44977,50838,152.68,333,114.6,13.03
448,Halle,Halle,Hal,Halle,Vlaams-Brabant,3,33655,42595,44.98,947,104.4,26.56
516,Villers-la-Ville,Villers-la-Ville,Villers-la-Ville,Villers-la-Ville,Waals-Brabant,5,9092,11114,48.03,231,114.8,22.24
147,Quaregnon,Quaregnon,Quaregnon,Quaregnon,Henegouwen,2,19178,18959,11.21,1691,75.2,-1.14
150,Rumes,Rumes,Rumes,Rumes,Henegouwen,3,5064,5351,24.01,223,91.6,5.67
279,Villers-Le-Bouillet,Villers-Le-Bouillet,Villers-Le-Bouillet,Villers-Le-Bouillet,Luik,5,5653,6836,32.86,208,105.7,20.93
338,Doische,Doische,Doische,Doische,Namen,10,2840,2952,84.02,35,87.0,3.94
398,Lochristi,Lochristi,Lochristi,Lochristi,Oost-Vlaanderen,4,18907,23028,60.66,380,120.5,21.8
408,Oudenaarde,Oudenaarde,Audenarde,Oudenaarde,Oost-Vlaanderen,13,27788,32702,68.92,474,109.4,17.68
421,Wichelen,Wichelen,Wichelen,Wichelen,Oost-Vlaanderen,3,10961,12032,23.2,519,113.2,9.77
428,Aarschot,Aarschot,Aarschot,Aarschot,Vlaams-Brabant,4,27495,31138,63.04,494,113.2,13.25
480,Sint-Pieters-Leeuw,Sint-Pieters-Leeuw,Sint-Pieters-Leeuw,Sint-Pieters-Leeuw,Vlaams-Brabant,5,30013,36525,40.67,898,96.8,21.7
502,Incourt,Incourt,Incourt,Incourt,Waals-Brabant,5,4114,5662,38.91,146,118.8,37.63
531,Deerlijk,Deerlijk,Deerlijk,Deerlijk,West-Vlaanderen,1,11460,12670,16.97,747,106.9,10.56
582,Zuienkerke,Zuienkerke,Zuienkerke,Zuienkerke,West-Vlaanderen,4,2790,2676,48.9,55,113.2,-4.09
32,Kontich,Kontich,Kontich,Kontich,Antwerpen,2,19874,21693,23.8,911,124.9,9.15
95,Bergen,Mons,Mons,Mons,Henegouwen,19,90935,96358,147.56,653,86.5,5.96
101,Celles,Celles,Celles,Celles,Henegouwen,6,5415,5722,67.49,85,94.6,5.67
114,Erquelinnes,Erquelinnes,Erquelinnes,Erquelinnes,Henegouwen,6,9713,10039,44.54,225,81.9,3.36
203,Anthisnes,Anthisnes,Anthisnes,Anthisnes,Luik,4,3881,4220,37.32,113,107.6,8.73
231,Flémalle,Flémalle,Flémalle,Flémalle,Luik,7,25777,27002,36.57,738,87.4,4.75
249,Malmedy,Malmedy,Malmedy,Malmedy,Luik,3,11144,12950,100.37,129,95.8,16.21
264,Saint-Nicolas,Sint-Niklaas,Saint-Nicolas,Sint-Niklaas,Luik,3,23171,24491,6.91,3544,73.6,5.7
405,Nazareth,Nazareth,Nazareth,Nazareth,Oost-Vlaanderen,2,10876,12305,35.43,347,118.6,13.14
501,Hélécine,Hélécine,Hélécine,Hélécine,Waals-Brabant,3,2848,3848,16.98,227,101.5,35.11
521,Anzegem,Anzegem,Anzegem,Anzegem,West-Vlaanderen,6,13718,15148,42.35,358,108.7,10.42
541,Ingelmunster,Ingelmunster,Ingelmunster,Ingelmunster,West-Vlaanderen,1,10651,11537,16.43,702,100.6,8.32
560,Nieuwpoort,Nieuwpoort,Nieuport,Nieuwpoort,West-Vlaanderen,3,10261,11455,33.28,344,110.9,11.64
213,Braives,Braives,Braives,Braives,Luik,8,5352,6554,44.05,149,107.1,22.46
288,Bastenaken,Bastogne,Bastogne,Bastnach,Luxemburg,5,13391,16921,173.03,98,93.3,26.36
303,Houffalize,Houffalize,Houffalize,Houffalize,Luxemburg,7,4501,5307,167.41,32,92.3,17.91
308,Manhay,Manhay,Manhay,Manhay,Luxemburg,6,2885,3715,120.18,31,97.0,28.77
327,Virton,Virton,Virton,Virton,Luxemburg,6,11009,11368,95.63,119,94.1,3.26
438,Boutersem,Boutersem,Boutersem,Boutersem,Vlaams-Brabant,6,7234,8634,31.14,277,125.9,19.35
477,Rotselaar,Rotselaar,Rotselaar,Rotselaar,Vlaams-Brabant,3,14587,17672,37.22,475,126.8,21.15
77,Koekelberg,Koekelberg,Koekelberg,Koekelberg,Brussels Hoofdstedelijk Gewest,1,16211,22648,1.18,19193,68.6,39.71
151,Saint-Ghislain,Saint-Ghislain,Saint-Ghislain,Saint-Ghislain,Henegouwen,7,22096,23743,70.59,336,94.1,7.45
171,Hamont-Achel,Hamont-Achel,Hamont-Achel,Hamont-Achel,Limburg,2,13585,14507,43.73,332,96.3,6.79
179,Houthalen-Helchteren,Houthalen-Helchteren,Houthalen-Helchteren,Houthalen-Helchteren,Limburg,2,29215,30896,78.23,395,93.9,5.75
206,Aywaille,Aywaille,Aywaille,Aywaille,Luik,4,10065,12880,79.92,161,99.4,27.97
310,Martelange,Martelange,Martelange,Martelange,Luxemburg,1,1428,2064,29.98,69,95.1,44.54
369,Assenede,Assenede,Assenede,Assenede,Oost-Vlaanderen,4,13579,14650,87.5,167,109.8,7.89
376,Denderleeuw,Denderleeuw,Denderleeuw,Denderleeuw,Oost-Vlaanderen,3,16984,21056,13.86,1519,100.6,23.98
425,Zottegem,Zottegem,Zottegem,Zottegem,Oost-Vlaanderen,11,24574,28085,57.46,489,115.0,14.29
429,Affligem,Affligem,Affligem,Affligem,Vlaams-Brabant,3,11651,13651,17.92,762,117.3,17.17
431,Beersel,Beersel,Beersel,Beersel,Vlaams-Brabant,5,22880,26505,30.4,872,116.4,15.84
473,Oud-Heverlee,Oud-Heverlee,Oud-Heverlee,Oud-Heverlee,Vlaams-Brabant,5,10522,11474,31.18,368,145.1,9.05
493,Bevekom,Beauvechain,Beauvechain,Beauvechain,Waals-Brabant,5,6199,7233,38.57,188,118.4,16.68
42,Mortsel,Mortsel,Mortsel,Mortsel,Antwerpen,1,25086,26588,7.78,3417,113.4,5.99
74,Evere,Evere,Evere,Evere,Brussels Hoofdstedelijk Gewest,1,31348,45234,5.12,8835,73.2,44.3
76,Jette,Jette,Jette,Jette,Brussels Hoofdstedelijk Gewest,1,39749,54107,5.19,10425,79.9,36.12
94,Beloeil,Beloeil,Beloeil,Beloeil,Henegouwen,10,13226,14244,62.26,229,92.5,7.7
126,Honnelles,Honnelles,Honnelles,Honnelles,Henegouwen,10,5052,5176,44.27,117,99.8,2.45
237,Herstal,Herstal,Herstal,Herstal,Luik,4,36292,40814,23.36,1747,78.4,12.46
295,Erezée,Erezée,Erezée,Erezée,Luxemburg,4,2745,3345,78.89,42,95.4,21.86
300,Habay,Habay,Habay,Habay,Luxemburg,6,6968,8723,103.52,84,111.1,25.19
313,Musson,Musson,Musson,Musson,Luxemburg,2,3893,4668,35.37,132,99.0,19.91
427,Zwalm,Zwalm,Zwalin,Zwalm,Oost-Vlaanderen,12,7683,8340,33.88,246,117.9,8.55
549,Kuurne,Kuurne,Kuurne,Kuurne,West-Vlaanderen,1,12785,14145,10.11,1399,100.7,10.64
8,Boechout,Boechout,Boechout,Boechout,Antwerpen,2,11919,13831,20.71,668,122.8,16.04
35,Lille,Lille,Lille,Lille,Antwerpen,4,15021,17026,59.62,286,108.3,13.35
88,Watermaal-Bosvoorde,Watermael-Boitsfort,Watermael-Boitsfort,Watermael-Boitsfort,Brussels Hoofdstedelijk Gewest,1,24454,25295,12.97,1950,108.2,3.44
219,Clavier,Clavier,Clavier,Clavier,Luik,6,4120,4946,79.5,62,104.0,20.05
235,Hamoir,Hamoir,Hamoir,Hamoir,Luik,3,3510,3780,27.75,136,96.9,7.69
281,Wasseiges,Wasseiges,Wasseiges,Wasseiges,Luik,4,2241,3138,24.48,128,100.1,40.03
384,Geraardsbergen,Geraardsbergen,Grammont,Geraardsbergen,Oost-Vlaanderen,16,30945,34999,80.05,437,103.5,13.1
400,Maarkedal,Maarkedal,Maarkedal,Maarkedal,Oost-Vlaanderen,4,6448,6323,46.15,137,117.4,-1.94
444,Glabbeek,Glabbeek,Glabbeek,Glabbeek,Vlaams-Brabant,4,5071,5425,26.99,201,119.6,6.98
476,Roosdaal,Roosdaal,Roosdaal,Roosdaal,Vlaams-Brabant,4,10573,11958,21.92,546,118.9,13.1
12,Borsbeek,Borsbeek,Borsbeek,Borsbeek,Antwerpen,1,10373,11379,3.9,2918,98.0,9.7
30,Kapellen,Kapellen,Kapellen,Kapellen,Antwerpen,1,25671,27782,37.22,746,126.2,8.22
71,Brussel,Brussels,Bruxelles,Brüssel,Brussels Hoofdstedelijk Gewest,4,133859,196828,33.09,5948,70.7,47.04
92,Antoing,Antoing,Antoing,Antoing,Henegouwen,6,7481,7623,31.33,243,88.0,1.9
113,Elzele,Ellezelles,Ellezelles,Ellezelles,Henegouwen,3,5580,5970,45.11,132,102.4,6.99
127,Jurbeke,Jurbise,Jurbise,Jurbise,Henegouwen,6,9229,10868,58.18,187,108.8,17.76
247,Lontzen,Lontzen,Lontzen,Lontzen,Luik,2,5010,6058,28.71,211,98.1,20.92
280,Wanze,Wanze,Wanze,Wanze,Luik,6,12026,14010,44.04,318,104.3,16.5
336,Couvin,Couvin,Couvin,Couvin,Namen,14,13249,13907,206.97,67,83.1,4.97
349,Havelange,Havelange,Havelange,Havelange,Namen,9,4622,5428,104.73,52,99.6,17.44
416,Stekene,Stekene,Stekene,Stekene,Oost-Vlaanderen,2,16532,19589,45.26,433,108.9,18.49
433,Bekkevoort,Bekkevoort,Bekkevoort,Bekkevoort,Vlaams-Brabant,3,5726,6771,37.28,182,113.0,18.25
481,Steenokkerzeel,Steenokkerzeel,Steenokkerzeel,Steenokkerzeel,Vlaams-Brabant,3,10419,12663,23.63,536,119.2,21.54
83,Sint-Joost-ten-Node,Saint-Josse-ten-Noode,Saint-Josse-ten-Noode,Saint-Josse-ten-Noode,Brussels Hoofdstedelijk Gewest,1,22097,26895,1.16,23185,54.4,21.71
191,Pelt,Pelt,Pelt,Pelt,Limburg,3,27911,34433,83.78,411,100.5,23.37
221,Crisnée,Crisnée,Crisnée,Crisnée,Luik,5,2584,3539,16.97,209,113.6,36.96
508,Orp-Jauche,Orp-Jauche,Orp-Jauche,Orp-Jauche,Waals-Brabant,7,7437,9094,50.8,179,108.5,22.28
551,Ledegem,Ledegem,Ledegem,Ledegem,West-Vlaanderen,3,9344,9779,24.83,394,98.8,4.66
574,Vleteren,Vleteren,Vleteren,Vleteren,West-Vlaanderen,3,3593,3600,38.58,93,88.6,0.19
583,Zwevegem,Zwevegem,Zwevegem,Zwevegem,West-Vlaanderen,5,23489,25785,63.61,405,106.8,9.77
118,Fleurus,Fleurus,Fleurus,Fleurus,Henegouwen,8,22380,22915,59.48,385,87.6,2.39
141,Montigny-le-Tilleul,Montigny-le-Tilleul,Montigny-le-Tilleul,Montigny-le-Tilleul,Henegouwen,2,10351,10141,15.23,666,112.2,-2.03
160,Beringen,Beringen,Beringen,Beringen,Limburg,4,39261,48353,78.56,615,97.5,23.16
176,Herstappe,Herstappe,Herstappe,Herstappe,Limburg,1,85,76,1.35,56,111.0,-10.59
298,Florenville,Florenville,Florenville,Florenville,Luxemburg,7,5546,5787,148.07,39,89.6,4.35
321,Sainte-Ode,Sainte-Ode,Sainte-Ode,Sainte-Ode,Luxemburg,3,2181,2720,97.94,28,86.0,24.71
337,Dinant,Dinant,Dinant,Dinant,Namen,11,12735,13328,100.05,133,87.1,4.66
420,Wetteren,Wetteren,Wetteren,Wetteren,Oost-Vlaanderen,3,22795,26960,37.02,728,106.6,18.27
494,Chastre,Chastre,Chastre,Chastre,Waals-Brabant,4,6487,7728,31.57,245,114.5,19.13
500,Graven,Grez-Doiceau,Grez-Doiceau,Grez-Doiceau,Waals-Brabant,5,11827,14064,55.55,253,123.2,18.91
525,Blankenberge,Blankenberge,Blankenberge,Blankenberge,West-Vlaanderen,2,17414,20559,19.02,1081,101.4,18.06
526,Bredene,Bredene,Bredene,Bredene,West-Vlaanderen,1,14076,18180,14.25,1276,105.6,29.16
540,Ieper,Ieper,Ypres,Ypern,West-Vlaanderen,11,35071,35550,131.45,270,99.6,1.37
137,Merbes-le-Château,Merbes-le-Château,Merbes-le-Château,Merbes-le-Château,Henegouwen,4,4032,4171,30.53,137,89.6,3.45
145,Pont-à-Celles,Pont-à-Celles,Pont-à-Celles,Pont-à-Celles,Henegouwen,7,16081,17650,56.1,315,105.3,9.76
168,Gingelom,Gingelom,Gingelom,Gingelom,Limburg,11,7600,8732,56.34,155,109.9,14.89
200,Amay,Amay,Amay,Amay,Luik,5,12987,14531,27.66,525,91.7,11.89
228,Faimes,Faimes,Faimes,Faimes,Luik,5,3155,4128,28.53,145,112.9,30.84
252,Nandrin,Nandrin,Nandrin,Nandrin,Luik,4,5376,5745,36.13,159,126.3,6.86
265,Sankt Vith,Sankt Vith,Saint-Vith,Sankt Vith,Luik,5,8941,10071,147.15,68,103.0,12.64
317,Rendeux,Rendeux,Rendeux,Rendeux,Luxemburg,4,2217,2707,69.23,39,90.4,22.1
380,Erpe-Mere,Erpe-Mere,Erpe-Mere,Erpe-Mere,Oost-Vlaanderen,8,19249,21013,34.41,611,114.5,9.16
462,Lennik,Lennik,Lennik,Lennik,Vlaams-Brabant,3,8588,9471,31.12,304,125.7,10.28
499,Genepiën,Genappe,Genappe,Genappe,Waals-Brabant,8,13757,16068,90.35,178,117.8,16.8
561,Oostende,Oostende,Ostende,Ostende,West-Vlaanderen,3,67279,72586,40.95,1773,98.8,7.89
565,Pittem,Pittem,Pittem,Pittem,West-Vlaanderen,2,6629,6946,34.69,200,99.8,4.78
569,Spiere-Helkijn,Spiere-Helkijn,Espierres-Helchin,Spiere-Helkijn,West-Vlaanderen,2,1858,2063,10.82,191,99.7,11.03
67,Zandhoven,Zandhoven,Zandhoven,Zandhoven,Antwerpen,5,12085,13445,40.1,335,114.5,11.25
100,Brunehaut,Brunehaut,Brunehaut,Brunehaut,Henegouwen,9,7446,8099,46.55,174,93.1,8.77
157,’s Gravenbrakel,Braine-le-Comte,Braine-le-Comte,Braine-le-Comte,Henegouwen,6,19084,23443,84.87,276,99.7,22.84
170,Ham,Ham,Ham,Ham,Limburg,2,9326,11338,32.79,346,104.9,21.57
204,Aubel,Aubel,Aubel,Aubel,Luik,1,3851,4252,18.85,226,113.3,10.41
223,Dison,Dison,Dison,Dison,Luik,2,13978,15260,13.97,1092,66.5,9.17
323,Tenneville,Tenneville,Tenneville,Tenneville,Luxemburg,3,2449,2881,91.95,31,96.3,17.64
347,Hamois,Hamois,Hamois,Hamois,Namen,7,6462,7469,76.6,98,101.6,15.58
357,Philippeville,Philippeville,Philippeville,Philippeville,Namen,17,7939,9521,157.35,61,90.1,19.93
372,Brakel,Brakel,Brakel,Brakel,Oost-Vlaanderen,7,13709,15073,56.96,265,109.5,9.95
395,Lede,Lede,Lede,Lede,Oost-Vlaanderen,5,16949,19310,29.89,646,112.5,13.93
49,Ranst,Ranst,Ranst,Ranst,Antwerpen,4,17575,19776,43.67,453,119.4,12.52
115,Estaimpuis,Estaimpuis,Estaimpuis,Estaimpuis,Henegouwen,7,9538,10748,32.08,335,93.2,12.69
184,Lommel,Lommel,Lommel,Lommel,Limburg,1,30433,34913,102.28,341,100.7,14.72
185,Lummen,Lummen,Lummen,Lummen,Limburg,3,13501,15320,53.7,285,110.9,13.47
188,Nieuwerkerken,Nieuwerkerken,Nieuwerkerken,Nieuwerkerken,Limburg,4,6483,7295,22.51,324,103.7,12.53
226,Esneux,Esneux,Esneux,Esneux,Luik,2,13178,12827,34.13,376,119.6,-2.66
278,Verviers,Verviers,Verviers,Verviers,Luik,6,53148,55770,33.01,1689,76.6,4.93
292,Chiny,Chiny,Chiny,Chiny,Luxemburg,6,4885,5308,114.06,47,94.5,8.66
299,Gouvy,Gouvy,Gouvy,Gouvy,Luxemburg,5,4581,5474,165.35,33,88.3,19.49
302,Hotton,Hotton,Hotton,Hotton,Luxemburg,4,4890,5706,57.02,100,87.0,16.69
374,De Pinte,De Pinte,De Pinte,De Pinte,Oost-Vlaanderen,2,10124,11091,17.78,624,139.4,9.55
399,Lokeren,Lokeren,Lokeren,Lokeren,Oost-Vlaanderen,3,36458,43554,68.24,638,102.6,19.46
446,Grimbergen,Grimbergen,Grimbergen,Grimbergen,Vlaams-Brabant,4,32930,39860,38.67,1031,114.9,21.04
538,Houthulst,Houthulst,Houthulst,Houthulst,West-Vlaanderen,3,8946,10464,56.02,187,93.7,16.97
543,Jabbeke,Jabbeke,Jabbeke,Jabbeke,West-Vlaanderen,5,13609,14832,53.86,275,115.9,8.99
573,Veurne,Veurne,Furnes,Veurne,West-Vlaanderen,11,11854,12542,97.21,129,99.5,5.8
27,Hove,Hove,Hove,Hove,Antwerpen,1,8306,8406,6.02,1396,145.8,1.2
36,Lint,Lint,Lint,Lint,Antwerpen,1,7864,8505,5.65,1505,123.9,8.15
62,Westerlo,Westerlo,Westerlo,Westerlo,Antwerpen,4,21960,25625,55.47,462,109.0,16.69
65,Wommelgem,Wommelgem,Wommelgem,Wommelgem,Antwerpen,1,11762,13370,12.99,1029,110.5,13.67
99,Brugelette,Brugelette,Brugelette,Brugelette,Henegouwen,5,3344,3853,28.59,135,91.1,15.22
246,Limburg,Limbourg,Limbourg,Limbourg,Luik,3,5495,5654,24.64,229,95.1,2.89
381,Evergem,Evergem,Evergem,Evergem,Oost-Vlaanderen,4,31155,36860,75.37,489,111.1,18.31
413,Sint-Martens-Latem,Sint-Martens-Latem,Sint-Martens-Latem,Sint-Martens-Latem,Oost-Vlaanderen,2,8314,8208,14.45,568,163.3,-1.27
472,Opwijk,Opwijk,Opwijk,Opwijk,Vlaams-Brabant,2,11718,14866,19.92,746,114.4,26.86
514,Terhulpen,La Hulpe,La Hulpe,La Hulpe,Waals-Brabant,1,6943,7530,15.52,485,124.8,8.45
104,Chimay,Chimay,Chimay,Chimay,Henegouwen,14,9759,9716,198.6,49,83.7,-0.44
156,Zinnik,Soignies,Soignies,Soignies,Henegouwen,7,24582,29032,111.27,261,95.1,18.1
159,As,As,As,As,Limburg,2,7213,8259,22.13,373,105.6,14.5
306,Libramont-Chevigny,Libramont-Chevigny,Libramont-Chevigny,Libramont-Chevigny,Luxemburg,8,9277,11972,179.21,67,95.9,29.05
389,Kaprijke,Kaprijke,Kaprijke,Kaprijke,Oost-Vlaanderen,2,6175,6660,33.64,198,113.8,7.85
436,Bierbeek,Bierbeek,Bierbeek,Bierbeek,Vlaams-Brabant,4,8822,10534,38.97,270,134.5,19.41
463,Leuven,Leuven,Louvain,Löwen,Vlaams-Brabant,5,88084,104009,57.51,1809,113.9,18.08
479,Sint-Genesius-Rode,Sint-Genesius-Rode,Rhode-Saint-Genèse,Sint-Genesius-Rode,Vlaams-Brabant,1,17998,18693,22.75,822,134.3,3.86
505,Lasne,Lasne,Lasne,Lasne,Waals-Brabant,5,13512,14198,47.57,298,142.6,5.08
506,Mont-Saint-Guibert,Mont-Saint-Guibert,Mont-Saint-Guibert,Mont-Saint-Guibert,Waals-Brabant,3,5871,8407,18.72,449,117.2,43.2
553,Lichtervelde,Lichtervelde,Lichtervelde,Lichtervelde,West-Vlaanderen,1,8270,9319,26.16,356,102.9,12.68
563,Oostrozebeke,Oostrozebeke,Oostrozebeke,Oostrozebeke,West-Vlaanderen,1,7317,8064,16.72,482,100.1,10.21
576,Wervik,Wervik,Wervik,Wervik,West-Vlaanderen,2,17796,19209,43.77,439,92.0,7.94
70,Anderlecht,Anderlecht,Anderlecht,Anderlecht,Brussels Hoofdstedelijk Gewest,1,87812,126581,17.91,7068,63.7,44.15
120,Frameries,Frameries,Frameries,Frameries,Henegouwen,5,20679,21671,26.09,831,83.3,4.8
205,Awans,Awans,Awans,Awans,Luik,5,8270,9344,27.22,343,107.2,12.99
216,Büllingen,Büllingen,Bullange,Büllingen,Luik,3,5287,5544,150.67,37,94.5,4.86
240,Héron,Héron,Héron,Héron,Luik,4,4195,5598,38.41,146,108.7,33.44
342,Florennes,Florennes,Florennes,Florennes,Namen,11,10668,11378,134.18,85,91.6,6.66
386,Hamme,Hamme,Hamme,Hamme,Oost-Vlaanderen,2,22685,25554,40.53,630,101.2,12.65
387,Herzele,Herzele,Herzele,Herzele,Oost-Vlaanderen,8,16276,18928,47.9,395,113.6,16.29
423,Zele,Zele,Zele,Zele,Oost-Vlaanderen,1,20394,21501,33.28,646,97.8,5.43
470,Meise,Meise,Meise,Meise,Vlaams-Brabant,2,18347,20299,35.07,579,126.1,10.64
484,Tielt-Winge,Tielt-Winge,Tielt-Winge,Tielt-Winge,Vlaams-Brabant,4,9814,11604,44.62,260,113.8,18.24
68,Zoersel,Zoersel,Zoersel,Zoersel,Antwerpen,2,20164,22557,38.68,583,121.2,11.87
132,Les Bons Villers,Les Bons Villers,Les Bons Villers,Les Bons Villers,Henegouwen,5,8728,9586,42.97,223,110.0,9.83
175,Herk-de-Stad,Herk-de-Stad,Herck-la-Ville,Herk-de-Stad,Limburg,4,11615,12841,43.03,298,111.5,10.56
207,Baelen,Baelen,Baelen,Baelen,Luik,2,3852,4487,85.65,52,101.4,16.48
244,Lierneux,Lierneux,Lierneux,Lierneux,Luik,3,3317,3644,92.34,39,95.6,9.86
290,Bertrix,Bertrix,Bertrix,Bertrix,Luxemburg,5,8054,9017,138.49,65,89.3,11.96
368,Aalter,Aalter,Aalter,Aalter,Oost-Vlaanderen,6,26303,29787,119.85,249,114.5,13.25
377,Dendermonde,Dendermonde,Termonde,Dendermonde,Oost-Vlaanderen,8,43137,47185,56.52,835,107.3,9.38
415,Sint-Niklaas,Sint-Niklaas,Saint-Nicolas,Sint-Niklaas,Oost-Vlaanderen,4,68290,81863,84.2,972,96.6,19.88
577,Wevelgem,Wevelgem,Wevelgem,Wevelgem,West-Vlaanderen,3,31374,31884,39.14,815,103.4,1.63
108,Courcelles,Courcelles,Courcelles,Courcelles,Henegouwen,4,29706,31337,44.52,704,84.5,5.49
351,Jemeppe-sur-Sambre,Jemeppe-sur-Sambre,Jemeppe-sur-Sambre,Jemeppe-sur-Sambre,Namen,8,17523,19225,46.94,410,96.5,9.71
406,Ninove,Ninove,Ninove,Ninove,Oost-Vlaanderen,12,34559,40363,73.12,552,103.7,16.79
468,Lubbeek,Lubbeek,Lubbeek,Lubbeek,Vlaams-Brabant,4,13620,15124,45.28,334,136.5,11.04
520,Alveringem,Alveringem,Alveringem,Alveringem,West-Vlaanderen,9,4805,5023,80.71,62,91.8,4.54
564,Oudenburg,Oudenburg,Oudenburg,Oudenburg,West-Vlaanderen,4,8810,9933,35.6,279,103.1,12.75
5,Balen,Balen,Balen,Balen,Antwerpen,2,19290,23523,72.99,322,104.3,21.94
15,Dessel,Dessel,Dessel,Dessel,Antwerpen,1,8545,9892,27.45,360,101.3,15.76
312,Messancy,Messancy,Messancy,Messancy,Luxemburg,5,6902,8549,52.62,162,118.5,23.86
367,Aalst,Aalst,Alost,Aalst,Oost-Vlaanderen,9,84859,90995,78.66,1157,105.0,7.23
396,Lierde,Lierde,Lierde,Lierde,Oost-Vlaanderen,4,6291,6874,26.32,261,111.6,9.27
424,Zelzate,Zelzate,Zelzate,Zelzate,Oost-Vlaanderen,1,12094,13704,13.77,995,95.5,13.31
449,Herent,Herent,Herent,Herent,Vlaams-Brabant,3,18848,23007,32.74,703,133.4,22.07
469,Machelen,Machelen,Machelen,Machelen,Vlaams-Brabant,2,11838,16576,11.5,1441,87.0,40.02
471,Merchtem,Merchtem,Merchtem,Merchtem,Vlaams-Brabant,3,14250,18029,36.9,489,117.1,26.52
534,Gistel,Gistel,Gistel,Gistel,West-Vlaanderen,4,11085,12244,42.84,286,104.1,10.46
554,Lo-Reninge,Lo-Reninge,Lo-Reninge,Lo-Reninge,West-Vlaanderen,4,3217,3216,63.4,51,92.0,-0.03
575,Waregem,Waregem,Waregem,Waregem,West-Vlaanderen,4,35839,39997,44.5,899,108.3,11.6
105,Chièvres,Chièvres,Chièvres,Chièvres,Henegouwen,6,6006,7168,47.37,151,96.2,19.35
182,Lanaken,Lanaken,Lanaken,Lanaken,Limburg,5,23500,26366,58.95,447,101.3,12.2
222,Dalhem,Dalhem,Dalhem,Dalhem,Luik,8,6145,7712,36.11,214,110.2,25.5
239,Hoei,Huy,Huy,Huy,Luik,3,19056,21706,47.64,456,92.5,13.91
272,Theux,Theux,Theux,Theux,Luik,3,11170,12052,83.48,144,108.7,7.9
355,Ohey,Ohey,Ohey,Ohey,Namen,6,4063,5226,56.68,92,99.1,28.62
492,Zoutleeuw,Zoutleeuw,Léau,Zoutleeuw,Vlaams-Brabant,5,7791,8734,46.85,186,107.6,12.1
503,Itter,Ittre,Ittre,Ittre,Waals-Brabant,3,5651,7013,35.03,200,113.3,24.1
555,Menen,Menen,Menin,Menen,West-Vlaanderen,3,32028,34417,33.16,1038,90.7,7.46
103,Charleroi,Charleroi,Charleroi,Charleroi,Henegouwen,15,200827,204322,102.95,1985,71.5,1.74
129,La Louvière,La Louvière,La Louvière,La Louvière,Henegouwen,10,76568,81241,64.56,1258,79.8,6.1
148,Quiévrain,Quiévrain,Quiévrain,Quiévrain,Henegouwen,3,6713,6865,21.48,320,80.2,2.26
258,Pepinster,Pepinster,Pepinster,Pepinster,Luik,4,9292,9274,24.89,373,91.5,-0.19
271,Stoumont,Stoumont,Stoumont,Stoumont,Luik,5,2873,3150,108.54,29,103.7,9.64
332,Beauraing,Beauraing,Beauraing,Beauraing,Namen,15,8096,9490,174.63,54,88.6,17.22
466,Linter,Linter,Linter,Linter,Vlaams-Brabant,7,6852,7323,36.87,199,112.0,6.87
496,Court-Saint-Etienne,Court-Saint-Etienne,Court-Saint-Etienne,Court-Saint-Etienne,Waals-Brabant,1,8746,10854,26.88,404,109.9,24.1
559,Moorslede,Moorslede,Moorslede,Moorslede,West-Vlaanderen,2,10733,11473,35.45,324,98.4,6.89
578,Wielsbeke,Wielsbeke,Wielsbeke,Wielsbeke,West-Vlaanderen,3,8911,10138,21.92,463,99.1,13.77
1,Aartselaar,Aartselaar,Aartselaar,Aartselaar,Antwerpen,1,14438,14890,11.02,1351,124.9,3.13
18,Essen,Essen,Essen,Essen,Antwerpen,1,16407,19630,47.57,413,100.7,19.64
46,Oud-Turnhout,Oud-Turnhout,Oud-Turnhout,Oud-Turnhout,Antwerpen,1,12413,14828,39.17,379,111.8,19.46
51,Retie,Retie,Retie,Retie,Antwerpen,1,9733,11867,48.5,245,104.3,21.93
73,Etterbeek,Etterbeek,Etterbeek,Etterbeek,Brussels Hoofdstedelijk Gewest,1,39404,49775,3.17,15702,81.3,26.32
90,Aiseau-Presles,Aiseau-Presles,Aiseau-Presles,Aiseau-Presles,Henegouwen,4,10931,10978,22.42,490,88.2,0.43
227,Eupen,Eupen,Eupen,Eupen,Luik,2,17516,20093,96.0,209,97.1,14.71
243,Kelmis,Kelmis,La Calamine,Kelmis,Luik,3,10121,11352,18.04,629,90.9,12.16
309,Marche-en-Famenne,Marche-en-Famenne,Marche-en-Famenne,Marche-en-Famenne,Luxemburg,7,16390,17972,122.07,147,93.9,9.65
333,Bièvre,Bièvre,Bièvre,Bièvre,Namen,10,3140,3476,109.55,32,84.7,10.7
352,La Bruyère,La Bruyère,La Bruyère,La Bruyère,Namen,7,7836,9351,53.04,176,118.1,19.33
358,Profondeville,Profondeville,Profondeville,Profondeville,Namen,6,10741,12318,50.37,245,110.5,14.68
378,Destelbergen,Destelbergen,Destelbergen,Destelbergen,Oost-Vlaanderen,2,17172,19110,26.71,715,127.7,11.29
383,Gent,Gent,Gand,Gent,Oost-Vlaanderen,14,224180,269597,157.77,1709,103.0,20.26
441,Drogenbos,Drogenbos,Drogenbos,Drogenbos,Vlaams-Brabant,1,4693,5944,2.5,2378,88.2,26.66
445,Gooik,Gooik,Gooik,Gooik,Vlaams-Brabant,4,8834,9527,40.21,237,117.2,7.84
453,Holsbeek,Holsbeek,Holsbeek,Holsbeek,Vlaams-Brabant,4,8857,10207,38.78,263,127.4,15.24
487,Vilvoorde,Vilvoorde,Vilvorde,Vilvoorde,Vlaams-Brabant,2,34982,47445,21.57,2200,92.5,35.63
498,Geldenaken,Jodoigne,Jodoigne,Jodoigne,Waals-Brabant,10,11483,14899,73.73,202,107.9,29.75
550,Langemark-Poelkapelle,Langemark-Poelkapelle,Langemark-Poelkapelle,Langemark-Poelkapelle,West-Vlaanderen,3,7656,8100,53.07,153,97.7,5.8
21,Heist-op-den-Berg,Heist-op-den-Berg,Heist-op-den-Berg,Heist-op-den-Berg,Antwerpen,6,37233,44505,86.67,513,110.3,19.53
64,Willebroek,Willebroek,Willebroek,Willebroek,Antwerpen,4,22508,28248,27.37,1032,100.0,25.5
89,Aat,Ath,Ath,Ath,Henegouwen,19,25430,30048,127.9,235,101.5,18.16
107,Colfontaine,Colfontaine,Colfontaine,Colfontaine,Henegouwen,3,20480,20745,13.75,1509,72.3,1.29
167,Genk,Genk,Genk,Genk,Limburg,1,62842,67877,87.57,775,92.9,8.01
248,Luik,Liège,Liège,Lüttich,Luik,9,185639,195778,68.65,2852,81.3,5.46
363,Viroinval,Viroinval,Viroinval,Viroinval,Namen,8,5623,5649,121.22,47,84.1,0.46
375,Deinze,Deinze,Deinze,Deinze,Oost-Vlaanderen,17,38552,45471,128.03,355,113.2,17.95
409,Ronse,Ronse,Renaix,Ronse,Oost-Vlaanderen,1,23849,27356,34.7,788,84.9,14.71
478,Scherpenheuvel-Zichem,Scherpenheuvel-Zichem,Montaigu-Zichem,Scherpenheuvel-Zichem,Vlaams-Brabant,5,21720,24001,51.15,469,109.2,10.5
523,Avelgem,Avelgem,Avelgem,Avelgem,West-Vlaanderen,5,9148,10406,22.12,470,100.1,13.75
50,Ravels,Ravels,Ravels,Ravels,Antwerpen,3,13099,15514,95.13,163,96.8,18.44
80,Sint-Agatha-Berchem,Berchem-Sainte-Agathe,Berchem-Sainte-Agathe,Berchem-Sainte-Agathe,Brussels Hoofdstedelijk Gewest,1,18735,25787,2.95,8741,82.5,37.64
119,Fontaine-l’Evêque,Fontaine-l’Evêque,Fontaine-l’Evêque,Fontaine-l’Evêque,Henegouwen,3,16968,18122,28.66,632,84.6,6.8
152,Seneffe,Seneffe,Seneffe,Seneffe,Henegouwen,5,10528,11624,63.77,182,108.7,10.41
214,Burdinne,Burdinne,Burdinne,Burdinne,Luik,5,2709,3295,32.62,101,112.3,21.63
316,Paliseul,Paliseul,Paliseul,Paliseul,Luxemburg,8,5006,5530,111.25,50,90.3,10.47
339,Eghezée,Eghezée,Eghezée,Eghezée,Namen,16,13414,16866,103.22,163,110.8,25.73
391,Kruibeke,Kruibeke,Kruibeke,Kruibeke,Oost-Vlaanderen,3,14556,17072,33.53,509,111.1,17.28
419,Wachtebeke,Wachtebeke,Wachtebeke,Wachtebeke,Oost-Vlaanderen,1,6809,7897,34.63,228,108.7,15.98
458,Kortenaken,Kortenaken,Kortenaken,Kortenaken,Vlaams-Brabant,5,7443,7949,49.44,161,110.0,6.8
507,Nijvel,Nivelles,Nivelles,Nivelles,Waals-Brabant,5,23751,29070,60.83,478,112.6,22.39
528,Damme,Damme,Damme,Damme,West-Vlaanderen,6,11058,11207,90.36,124,112.3,1.35
571,Tielt,Tielt,Tielt,Tielt,West-Vlaanderen,4,19208,20627,68.85,300,102.9,7.39
580,Zedelgem,Zedelgem,Zedelgem,Zedelgem,West-Vlaanderen,4,22020,23460,60.66,387,109.9,6.54
23,Herentals,Herentals,Herentals,Herentals,Antwerpen,3,25474,28865,47.95,602,108.7,13.31
33,Laakdal,Laakdal,Laakdal,Laakdal,Antwerpen,4,14806,16753,42.43,395,106.6,13.15
122,Froidchapelle,Froidchapelle,Froidchapelle,Froidchapelle,Henegouwen,5,3315,4084,86.54,47,85.1,23.2
123,Gerpinnes,Gerpinnes,Gerpinnes,Gerpinnes,Henegouwen,6,12050,12863,47.68,270,114.8,6.75
163,Borgloon,Borgloon,Looz,Borgloon,Limburg,13,10116,11580,51.32,226,104.3,14.47
251,Modave,Modave,Modave,Modave,Luik,4,3588,4207,40.42,104,108.4,17.25
294,Durbuy,Durbuy,Durbuy,Durbuy,Luxemburg,12,9916,11506,157.08,73,91.6,16.03
326,Vielsalm,Vielsalm,Vielsalm,Vielsalm,Luxemburg,4,7182,7940,140.7,56,89.9,10.55
364,Vresse-sur-Semois,Vresse-sur-Semois,Vresse-sur-Semois,Vresse-sur-Semois,Namen,12,2810,2470,101.41,24,87.3,-12.1
365,Walcourt,Walcourt,Walcourt,Walcourt,Namen,16,16840,18465,123.64,149,102.0,9.65
461,Landen,Landen,Landen,Landen,Vlaams-Brabant,14,14288,16390,53.3,308,108.3,14.71
28,Hulshout,Hulshout,Hulshout,Hulshout,Antwerpen,3,8626,10594,17.38,610,107.8,22.81
45,Olen,Olen,Olen,Olen,Antwerpen,1,10895,12824,23.12,555,107.7,17.71
78,Oudergem,Auderghem,Auderghem,Auderghem,Brussels Hoofdstedelijk Gewest,1,28804,35350,8.97,3941,100.0,22.73
98,Boussu,Boussu,Boussu,Boussu,Henegouwen,2,20059,20283,20.08,1010,75.8,1.12
134,Leuze-en-Hainaut,Leuze-en-Hainaut,Leuze-en-Hainaut,Leuze-en-Hainaut,Henegouwen,10,13031,14201,74.46,191,95.7,8.98
274,Tinlot,Tinlot,Tinlot,Tinlot,Luik,5,2184,2777,37.26,75,109.0,27.15
282,Weismes,Weismes,Waimes,Weismes,Luik,3,6503,7563,97.56,78,95.7,16.3
286,Attert,Attert,Attert,Attert,Luxemburg,5,4118,5797,71.08,82,137.7,40.77
287,Aubange,Aubange,Aubange,Aubange,Luxemburg,4,14663,17845,46.11,387,89.4,21.7
296,Etalle,Etalle,Etalle,Etalle,Luxemburg,6,4890,6024,79.44,76,115.6,23.19
307,Léglise,Léglise,Léglise,Léglise,Luxemburg,5,3701,5839,173.72,34,101.5,57.77
328,Wellin,Wellin,Wellin,Wellin,Luxemburg,5,2837,3147,67.86,46,97.4,10.93
430,Asse,Asse,Asse,Asse,Vlaams-Brabant,6,27931,35755,50.22,712,105.5,28.01
443,Geetbets,Geetbets,Geetbets,Geetbets,Vlaams-Brabant,3,5793,6261,35.52,176,104.0,8.08
456,Kapelle-op-den-Bos,Kapelle-op-den-Bos,Kapelle-op-den-Bos,Kapelle-op-den-Bos,Vlaams-Brabant,3,8783,9703,15.37,631,121.3,10.47
488,Wemmel,Wemmel,Wemmel,Wemmel,Vlaams-Brabant,1,13932,18179,8.77,2073,109.2,30.48
515,Tubeke,Tubize,Tubize,Tubize,Waals-Brabant,4,21461,28381,32.77,835,91.0,32.24
544,Knokke-Heist,Knokke-Heist,Knokke-Heist,Knokke-Heist,West-Vlaanderen,4,33148,32514,61.59,528,147.2,-1.91
547,Kortemark,Kortemark,Kortemark,Kortemark,West-Vlaanderen,4,12232,12815,55.43,231,96.2,4.77
34,Lier,Lier,Lierre,Lier,Antwerpen,2,32191,38210,49.85,766,108.9,18.7
172,Hasselt,Hasselt,Hasselt,Hasselt,Limburg,8,68058,80828,102.69,787,112.6,18.76
220,Comblain-au-Pont,Comblain-au-Pont,Comblain-au-Pont,Comblain-au-Pont,Luik,2,5189,5319,22.63,235,92.3,2.51
297,Fauvillers,Fauvillers,Fauvillers,Fauvillers,Luxemburg,3,1838,2453,74.79,33,99.4,33.46
403,Merelbeke,Merelbeke,Merelbeke,Merelbeke,Oost-Vlaanderen,6,21786,25229,37.0,682,126.0,15.8
491,Zemst,Zemst,Zemst,Zemst,Vlaams-Brabant,5,20553,23401,43.23,541,132.4,13.86
527,Brugge,Brugge,Bruges,Brügge,West-Vlaanderen,8,116264,119869,140.99,850,110.6,3.1
535,Harelbeke,Harelbeke,Harelbeke,Harelbeke,West-Vlaanderen,3,26320,29904,29.4,1017,101.3,13.62
10,Boom,Boom,Boom,Boom,Antwerpen,1,15057,19431,7.38,2633,92.9,29.05
20,Grobbendonk,Grobbendonk,Grobbendonk,Grobbendonk,Antwerpen,2,10449,11607,28.37,409,113.7,11.08
173,Hechtel-Eksel,Hechtel-Eksel,Hechtel-Eksel,Hechtel-Eksel,Limburg,2,11149,12965,76.68,169,99.9,16.29
319,Saint-Hubert,Saint-Hubert,Saint-Hubert,Saint-Hubert,Luxemburg,6,5727,5693,111.99,51,91.3,-0.59
330,Anhée,Anhée,Anhée,Anhée,Namen,7,6771,7135,66.03,108,96.7,5.38
379,Eeklo,Eeklo,Eeklo,Eeklo,Oost-Vlaanderen,1,19069,22401,30.45,736,98.6,17.47
426,Zulte,Zulte,Zulte,Zulte,Oost-Vlaanderen,3,14528,16095,32.76,491,108.2,10.79
464,Liedekerke,Liedekerke,Liedekerke,Liedekerke,Vlaams-Brabant,1,11800,14013,10.17,1378,103.0,18.75
495,Chaumont-Gistoux,Chaumont-Gistoux,Chaumont-Gistoux,Chaumont-Gistoux,Waals-Brabant,6,10141,11818,48.33,245,131.4,16.54
512,Rebecq,Rebecq,Rebecq,Rebecq,Waals-Brabant,3,9877,11133,39.26,284,101.6,12.72
548,Kortrijk,Kortrijk,Courtrai,Kortrijk,West-Vlaanderen,8,74790,80032,80.69,992,104.4,7.01
562,Oostkamp,Oostkamp,Oostkamp,Oostkamp,West-Vlaanderen,4,21218,24275,80.13,303,111.9,14.41
4,Baarle-Hertog,Baarle-Hertog,Baerle-Duc,Baarle-Hertog,Antwerpen,1,2120,3001,7.41,405,87.5,41.56
29,Kalmthout,Kalmthout,Kalmthout,Kalmthout,Antwerpen,1,17260,19672,59.41,331,116.0,13.97
53,Rumst,Rumst,Rumst,Rumst,Antwerpen,3,14583,15536,20.15,771,118.0,6.54
85,Sint-Pieters-Woluwe,Woluwe-Saint-Pierre,Woluwe-Saint-Pierre,Woluwe-Saint-Pierre,Brussels Hoofdstedelijk Gewest,1,37922,42571,8.94,4762,110.6,12.26
116,Estinnes,Estinnes,Estinnes,Estinnes,Henegouwen,9,7521,7955,73.29,109,96.7,5.77
174,Heers,Heers,Heers,Heers,Limburg,12,6575,7593,53.06,143,101.0,15.48
212,Borgworm,Waremme,Waremme,Waremme,Luik,7,13190,15489,30.89,501,102.6,17.43
335,Ciney,Ciney,Ciney,Ciney,Namen,9,14452,17183,147.87,116,95.7,18.9
459,Kortenberg,Kortenberg,Kortenberg,Kortenberg,Vlaams-Brabant,4,17355,21165,34.7,610,123.6,21.95
519,Waver,Wavre,Wavre,Wavre,Waals-Brabant,3,31033,35558,42.11,844,112.4,14.58
536,Heuvelland,Heuvelland,Heuvelland,Heuvelland,West-Vlaanderen,7,8399,7969,94.79,84,91.1,-5.12